{"file_hashes":[{"block_hashes":["UXhsjIDoM3Zavf7oF6P4Zz+E7EN0W18G2vqoy7aDvHc=","8CyZBTZfyCfFYNrexGU7QvRbZ7HeKBQ3vumltuciTPI="],"block_size":4096,"path":"background.bundle.css"},{"block_hashes":["CoHeFJw+HvP7fluzKGa7cMn7K4WmujEd6T8lRhgQvts=","vCn8oEwdI/OPSzbhzhNtpYdGAKZQUfNL9edQEWgg55Y=","UYD9IVQjWv5rOJg0ZJHHnO+o7tepmO096p9YMMy+uZY=","9bCC/6Q+wjCySrFCzggUVofnbrcJ73mB2zJLhUBVSxU=","ow+AN6alxn4Vln0ln4oA9pcjMMFY3exTbxpee1Xthvg=","9Sh+hS6cOlJTIdg/mmrE08ltd7Ywmp5Ig/IP6Pny/W8="],"block_size":4096,"path":"background.bundle.js"},{"block_hashes":["2NrgKkWCVXxZfWFdyjE/iKWNffT0/lJlp54s2vUZDPY="],"block_size":4096,"path":"content.bundle.js"},{"block_hashes":["UXhsjIDoM3Zavf7oF6P4Zz+E7EN0W18G2vqoy7aDvHc=","8CyZBTZfyCfFYNrexGU7QvRbZ7HeKBQ3vumltuciTPI="],"block_size":4096,"path":"devpanel.bundle.css"},{"block_hashes":["zTP0aei8WEqP7LB0I7fTrtYwMIB7AXOBs5qy5kRAtLk=","KkE9zoLgmquOLXLeJGG+rofNhyrDaMoxYatIarHAwNs=","MZpXQsOb6Xc8xkQGP2sgTYwgN5IWryypkwF3BwkqBWU=","EVMQTt4IcNqOv1gHDOK9yDwDUKQwZhXpUjIrayFlmqg=","qXrRToVgWYcIvhrwJQRCaMmZZZnfe3loBtGUwjrQqIc=","oR62W+CLJtiGLd9mUtZo/lNfsDa1L0I7I+5MIa729Gg=","WMj1ddcPOHvRpLpowRB7i9TYJZmDzTE4tih4ddexZi4=","jxV+lXQI2orLeuQi17gOVHbjZEDByrxt6vIeZTa/kH8=","jOsGsfg4GLyFMCZfL7BiMkQQMdvNkWTimd5KiibXrqo=","kXrFyj3S864THlhpLtBPsOV7TLOjXYygzfwQFW4L2fw=","yIiuGZcVco9Kj30ATmxPOk1XKSZ3ZT/F2zt2JfKGZVQ=","SPgGVBixLWRPntZ25DLx6bQMFiA+70bOW9r/HCPBYUA=","utfAxKzEUUzUsR1SLvkSgimc3nUc6wKbRJjegHZRH/8=","ohLnLy3S1hybQOECLR+TCa/yE0hM4UBuyz2IBjBshxU=","UsEUw6ofuBobA9Hcri+o9NC3E5zxb5V11WPR5GHZSIA=","/s5SqFg0bpPzBspl5uPLvPe7xlN6OAg+J8fUBXud8Ag=","la/tAqz2FbZQZbZQcnNu0qnI9U8YI7Cv9T3iqK3h4kQ=","Rt+yP3+yFUnDyshlC29Ackwvb1prSP3mZbpC8OjO/mk=","2jEWBPAnFNTE4j56AhjqvEkJYyNIK3M2LHjgbm6FPeA=","3Lq5zfbqU/O6hFJcsr3NUUPcQ5luVt90sYPlsqDWT1Y=","S5WR0V/Od3+pV5u2O/zZEHHY4v9E7U5qLUJBUxFP7dM=","b7/IYKrYW8+XcXqs5R8Whl9sXK7X2H+1K8a7/KliMOU=","Usk1oWvnzlS5S/Juo0tDuqlCzuisb1SNFD5T/hG60II=","UTRtLSqQLgGc/ecC0N59DZ3PXJ88RuluN+ZXDfttOqA=","viVgoF8u12eHkDKBm2zEPRrXnkX+SJdpwNBmjz57nl8=","mi3NRcCizomWDm9xxp8HqzBZCGD6vNFw76achs9r4uo=","TdpU8/63B6dtYZYczZxUi+7wyhDrMjoy9WNenROYC4U=","TVbzkYzLzTBdqa2nOvKGVqzI9ONbODGnOj9H+gdtlNc=","+qBjlAYTgZY+Ymr7hc7g2FKyplPlUCTHchJLO1seJ9o=","GbMjsVQkSborEeEOXosja0/I2fPofleKWwDbJF2STOg=","8GsrsgPLubKb7mwYv3kfmVzO2i0ev5ou1KPjOmKpgUQ=","Thcfay1WMOjZmb9JzSlQXndyx/R0kPuB1ItzjCCkAXQ=","d1zLzmwYR6CRWOKggyzRqmUnO5RDw8otvFQO0hSwWLY=","s2+FJWsYENo84BjnPw7aDoEkLQPnW3s1vBy3TXY2gxI=","OcmNgD5nAf95/UNiiS4YsVdvdpU5Aoqn/u/2x1LESVU=","Zd9HUK+1/Eu3f8iJIYkHTGMJs+qLW22Tujos+0PIKHY=","mHNwlGTAXose9H/aypiU/6bkw60Ixja60nIAZ1kshvU=","sRNUqW4Aw4u9zkt610nz2S0puCJkG05OBGTBBDUA7jw=","8EnyLLAGQR5AIxzMuKtzw+pB7KkntXRKtEKPzltkR8Y=","lOZz9satdI9d/+ABqpa6XE8qP6be3DuhxEWRn59dbcA=","gARRKntj2Z6SqraNzILwLq3SQqzI+ZvW6N/u/jIm48g=","mCAaA8t/Jot/Gg6HW0Q0SEjqGwGenRhvCB9Hnr7RTHQ=","0WRMKwZba87p6MZySW1Nz2LYdHzCid0Py1PdcPVHkU0=","V7UAI4dD6grWIpNifxx43mVAdIC/OLx4JyyH2tTf6zs=","7hNT2+KlrMHxYYr7jKHuPfG8Sg1HUMf3t9j81mIjcco=","1K/7HDup7h824Vx/LZlGw+1k5kBkiSxWkdXXyZRqlpA=","veBg+eDGfBrxW+upiX9VUQrK0jCoRzrLc75H1vhA/RM=","EvtWPPWLin7mbr6UHSvdoDpuR26nmBX5crysTyr1isk=","4uIr4n4k/fv6voJEzlN5+SCeaoUpXzV5vxPLUR5dUPg=","+ZOqnNRu48o15sN4msJ6K1KtmLm3AKvkBrFL5krHars=","6Bn2R2+Ba3dyhbLocQpyh8I9PYNDI4fQeXfpaSx/vH4=","Xw6xTz+WjHVWwykuETCJtau63ZOA+cNBGcX+emsBLBE=","3e/AsxLUtBvhiiHjEYMO+4nlfbNJ71j0Bwuc6n+ryRA=","jgWhjlQbXDDpd/1e6pPhTDc+3NhJ0XBYoHrS+1L8qm4=","+2s/EIb5tRq6SPpdvRWrx55bHUALfi1wqXOJT9hKWgY=","fewoK1daGqP+h0v9bt41iS6iPi87P3kw9CA0Alp3d5E=","111cwAJj4yioYBax4n8Q+/Vl3esskArnN5sppSUoZQI=","wbwQwaZeNBDralq8XO/21iU4C5CGmoX03fotKMmcfcY=","Ie4L1psnNIVEOAHMB6ARdOV1qW+nhL1di1M4IYxShTo=","KAZgOKryuk9aL6leOxmk1vSXUEV+ZaK8+/EcEb7AkjU=","RjGUxbfWVQxWsoDSVhomy2qfO+XCxPG7lLe/dnKU/iw=","xtcThzodH+JsMw81ffAbu9CWu0cAShaJS4rrW9yLM3c=","yWK7EdkWF24fSHFXJspfCYBonysUCh2TPBuDN1qStxU=","1hvgIXcTTJvum1NlRyt9ap9NQHE73k+4cteVqsCyHTs=","pd+4wX3V7b7tQz4hLHv+kMgiwDc/l9nyzvq7bxFc7OE=","GZ26ze3o5vk9YzRPtcHfGXD/ZYfG+C76LbCsWPSGO7s=","6jyh7/Qn47F8b/11gtsybOJkNizJ5ppTjRYQ17X1pbo=","VnzR8yLZGrmbzNFNC4uJTsvOtwOUxie4em2TJZVacIw=","dg9TwL2wBASo4GNGAMg4YtVOfMQT/yQmID3htKm9RmE=","tbCBpsz23pmVBdA5/MYY4Fej7F0G79Evm0PvHy1pbKc=","dKuZNJD7rKzOZTJRS3mHhQ5cGE8jAxIQC4ThWR8CKHM=","85BgXCCWT4ZIzRhNe7F8nmzKi5N6iNU5b8Y17nqjJkk=","3qOpq2pbP4kHOM66gIu1G5MwvZkKKCn7oVlZH3sbXpA=","npyRg0Xk0nql7fXUyqww9C26FkA9NAVJiT59RqJcp8I=","wnb44fkIbmUEFg1YeAVBblWoXSBlS6zNYiQatceqygM=","lrH23GLxJJbBcDB4GS6U46b+lG9DXcdmi2CsgjPiEdM=","9r+4TC5AuNgfOw8aNCnryO8Mjq/8XEDS9gXidwXV6ik=","muqB1Sc8ZMeNCar+1ht66EzAx8j5vMEjFb8hlvVPAe0=","RIJTr50xyLfj6FKhGFBQMk1SzFFSA8MFbLJa+3+41BE=","B6BvsUi4G8XCDkwH4+9cIlfgE2wDgvO80xVmrHM8+PQ=","NPzZiAi2QIUIHI8muwltTQtrxojBxQAmPVpURrRH2O8=","hEZOMvfyXhyh3YSyfEawALZolwIaVT7030y2OWVYvvk=","hTqEMpeU446TmubpQPD/xlgj/qWXiFGT2jb5Ce2gFk4=","1uDYPHk7Ywb++FeOsG3ah5KABFiFrTAcSuSQf5wLGyY=","XP5C0P/BzM3kSlm2uDAY7+UhZ/n4lFjazrp1wYjF95M=","qJpIpvXW/9pr75ADRU3J2nVOPHZygaPb6rpK7aq38So=","eODXpKO2CQ7pIXPlaRp8VRkbqEkyK0/+c4C6w3ELvUk=","lPZgfVbMjz1VZNA7CM+DMzSL2M7yBb6B3XyeJGGCryw=","HreEKl570Dw4nJRGQDuXJRaOndET4j/HEekCI/ypk8Y=","0pbeU+tq3ggmft+POPB7KEVw8gYGc3t6ey6ps5UoBnU=","kqtf0K1hW9do2M69VdEwyVw+a4/7lVzB2ltjc/crCB8=","+owCcuXY+omy3tUvUQsvewMI9M6NOhQ3VnHoz48J4tY=","c4CcaNYyuByJ1VnpbUnU8lFcWiYGZaPjr84IvoPgoZw=","gJZ2iBbyppsUjMDo9licIKqOqww84iLZO3rCC+FiuPE=","Qb+tBM5bWHWbSIxZYIBo4Lfcses19un8atlrduRyDoE=","9YeylsGdM3jggbIoGce78mD+pN3pF0HCDG2wBLGRG6Q=","jX+CT4XOoTLJ+D+7GJQtjHwL7dUaVWGQZ6qzpSaCdSk=","iX+GqjBsgK/4VAsZ/EFELPa4ICzjhqU1JNaSIVajNOY=","3j7YWg+e9jfMt//c6RsZt0XwfTeiTKKeyU3KSnU6Xhk=","xhBRmcXmIiz8+oSJhMiAAQzNRCRPLHyh41kxepx2xOc=","Z2tRH0extKVWCqU7tQXGXzr8r4co421z0vcjzF5UlKU=","RMNncws1rI1M8MxFKM7l2engXPDTsQ3GFwmQRTatCUU=","h5gIMYUnBfI0g3sAYmN88vKenW3dJO9CHe7XC+PuNhI=","4VthA1JiQRkMFckBCGVF/tN7sk2hflgoJ99HXgZWACc=","+lIlDJB6dmtKRcfSYcNIZBCcPuNrCq7LUCvMxW50iJ8=","7wGHi06d90DkuKxk/7krAPPkTr/oiDqzNPaThxIyl2Q=","JJ5nufivwvVss5y96dvtODM0ri91TJ4pxjGnYsmGVTs=","dE+5GKgbK3rHfUdMDoQsjhyVBQOCSadagQenrJf6mb4=","rHCb7NnD+aYqotfZZp3LHS2Kr4gGi4rhxaX7mIERq78=","Ux9uEVhyzqNSA6UL3EZu4lPJW3Kqahw6eLrF+2mlpoc=","Tyj53i4lePqzpXU6hKEt67qcEB4RdzuYjfCzwdYXe7E=","zXo6OaUm8yZd13wl2vHWOkI0HS2tkzFH3NCkdyd/tFA=","DZwy6zMVTAgj8BQ8tNxSymDEZ57+uX3ihrjqrs47rFM=","Fkn/5irPftPQCX78v2lDbTPaIYCmJrFp+F4+Icuhdp4=","m6ykEXAapJdRxNDS0I78JyCRyX76qvxnyXSSHD84sDI=","zMP18fVDiKw9Y6GhHbD3U4ySjc2sKu2LoWoP9BfQjB4=","W6B5EQLgYwq/7XyeGOasQSaStRntP28DM/QAyGl6gSU=","BDSjcvEAA0KJTBANYHTmkvLAImtO26ZcbFzQVeE6ajg=","n6uwvHQJZZisqg8D3gRdfmVT20DKeTkLkcEiH2aXs50=","nYvQJ2bg+8M8ODbnTF1aFp+oCh1SO6F2eUxFdEUQ66M=","M1hqSaAb/wgSGcYsUhtBiQ6OfbFgB6zmWvO9UFQ7Ww8=","D45ZC0hxzFCu1ZuwQQb4l2SAAG2rJBKcdf8u/1DDDLc=","BnRT/Ma7raYFfnr7HUvPFiGmJxDPFbscIoaPJOZH5M8=","qEMMewh6F/TPHuA/XXXzVDLoO0N7rPQvJwoE/xhLV8A=","9OrEyScRPCTbXaeYS5FKwDxR9oTnL5kV5bxbMpbQSNY=","NeKLqpxKwIin+wmiNCBYeDkj/cl6ehS8HTQ7Ol9L8Cc=","6m8RTqqEKLGHEuJUcsZj40hp2S6+wJf37PkyCWDlpjo=","EVAbti+qoeGxwoKU5r6Wig8tZdp99/JzzEr3XQQZUr0=","E568w2pVOQ4WEVJ3rx4smmPw0d47h5qSsIA6XKTFT7Y=","RpCHTA6WtiKrVRBWfARb1wurVAkU5OXkaP5YYeaTQjM=","8OSzKiM4rmnTer4xJjtYhPaZ5JJMuawAGK+v7S2J2sY=","jEwv4er3LmUzntvw51PLNhW5HrJN1h5sOY1/DeHSHGU=","vIgZjUw+m+RB+kwto+WXQM2kDoULCS9AfURut+TjK7E=","ajiBuPuY8b7qBFdSMpzpSmKNOzTT5HLHrQSCveLybjo=","9n9peyhgeHfYnl5dFrH4Ij4GPxw/VYEf0yUKnholoNg=","nrx5Ee92VR8JMK9fr2m0YV3f6aRSUKXsAXQTBx/mIO8=","tQA8MPAgfv7DrJ0lScRgofwAhs1lcGuZyLSq2ghL45E=","3+DZdOqXjyIArvqhyu/3WeOzC9FbwP9Ix4E9VxGfVH4=","HX2XIWDk/Qx/EQJCgQYSmMNf5WosLaGuUp20v77J+mY=","L+KXwFq8/arEmQiEZO+DpG9z9k75pMlVV7LG6nWpPHE=","NS81bk7L+noNs2AzMeoCnNvaYXqKXoJhMjbzyzx0gvY=","ug1m1nNwkpnJRjTHQqUSbbMi8KQLwmj6HInHY255cA0=","hueTUteAJa1xMTdKQ3R85I3QXkYOWdROU2sVcn+mWZQ=","ZZWUA6YjdwpXXEoYK6btvD+7x1Xg40BKn1uWZaEa2a4=","yVdWCKLc3Nq6M6d9MPGxTV3uZ8+IBtF4rOA85B8dc2U=","j8LrkRCjgTBVxYuag9/HfUcJ4PQWMqXrrzmSXnmAvLc=","QFvkqSanF/Y0BKon9h1DE8/dM+MLay7ih9GYbGL7nRc=","lKInpRJ98N9PL2lo0Q9492Ne9hX7O8e/8Lz0iJ4EWrI=","ghE77fy5UPiJLjpMSxqYtZ+1Qzc9XXtvh5taN4mzi+o=","FTjhQHo6iiJciJJJBgrfL5+iAA+uZFzRew64ndhOaOs=","jxrSlXFdid4eYGuBdHoBjcTHtsho0dI3xk4YMeOKYbA=","lledv25+kyMHqyMnmWs6g+lDyhaSCE72XXlwNxLzTWs=","ID102J1Wk2HgdQ4NaB2nKAjs1Cm31Yufw7ylY5VLki0=","tHKH0S/6xzjho5oL1YSKTKiRPd+leuNVG9vmUaBRjJs=","c6FRHmEXzyeEMpxBtCqFA6vNWes2dKxewxOLZJ9KCes=","5enjhXW/g8M0IhhEOhDcTfOMaccD+EXeSnp2DGcVU+0=","3BM4h5lbvjMJPZHI7PaV6A/N0P3LSM9LRTEjPM3LeJ8=","4WpqRbq3AQTqxx6PWUVac8v7B1Hyj5B6kHG3rp1j+GI=","7wz9v6mGTLlPMWZOXjk9f9ZCTba4d0i6Z0nVDCqmtg4=","Gk6xIdNM+0wluL1IY+/+2yuWeBFMSJltB3Pbgllzx8A=","tRIdQLZbhC48q+bbqkNEPAqK+2SWcn46G1CNvLBTFeU=","N6982BiMuAu8Mv5LW1x74z8bG+xcD/FSf3Lbw7A6ui8=","Q2QpcIaFPp9GiGwmfBxt4V3dzfWK6QxQeNCZq5eCsPQ=","KdK3mTwparpunb5iZmuxTZp2vBA5gewGjsANRUlr8OE=","TPI9ZQvEOJuLJzahTkoPClZT77o1MUTy++0B5hEAHmI=","1hBxwaWWS8JGdBy7nRpAHo60hU3ktIY/fcsrkuscWzM=","xXRMtmZLAy2eppp1dzFmk3RzbyYwISP2wOmfe38vOo8=","iRt58nsNJ+/yU1BIaBurife1stD7pVAHzQVpb+0KrAM=","GCjstIHX7tRNCT1DYxiPHoQbs8XgVM4276WNhRMQ/b8=","XR9T7CdvOxPMBHdzJOxZK05pDaGbVm5oEfTfkhCi+VI=","/GolaFDcnh4wz3v2w4LHCFP1Embo6Je50RwRc5374Ws=","sUdb0zh2HqIcAoQGO1Ir1cB5n9JYYvE3ukNiOdYeclQ=","JCTPCcjEUUdw0jXTXs5GswqulqCZemyV8FhuOGhmbnE=","Jtv6vYQTuZZjVP2OsNT8RT7ICHHnabk6kfciNOkSrJk=","ZxXxbTasDExxUGUeWs54IkXfEAqwJN1wR0h4sKUYupE=","yCtLDF7qZ1sCZvAI5JECjE3rGapIka0xAt37QucyUzQ=","E0EdHHnDFtxw1Gs3e150OKKKFdf9dxBWVjBHpseQ3Mw=","J1xXGItDjwFocL0ENrYJm0u6HGdXe0Z+tbpeV/OFVaA=","DO4aY32kaJj9pSmffPbsMUYqC6VRj4oi3ZqipHPfmBo=","EEUiMuPzjIITWedzB3l0Nw6Z62KxRc2/wcqIaYxWuyA=","dJWu85MYtMiirUaq5enK8Smm9/VobtlYXh3AmoglX0Q=","1TqsMYHyrql9T0llf0EASstJUs8uagow9H5hMBZatfA=","/P5MATgqyHTZ07YF1tCI06tARE2rb00xaE+cR6IXuek=","JgNRpOZG8YimqNnV48I2mhjP9+aDZLrLQqgEO9GbjfY=","6AAtQ2jTa+9j3k/0p2gWkR8t+O4LIONOotvTxVk0GQo=","jhRWkA/3RfbiCIWZ2uB0aI6KdIhqFbw9bCqcwCX82Y4=","RHSGMWySw/yBvUnYGv+iJlZN6+BOtT7+lax6sT0dI/k=","INRPm5Fa7oriVabZI+McMCqe3tGvfNnLtnJH++/074Y=","IRgpBPvhorZaZso+NhlX3P6MmB6UmCno8OXz8pZ8jKU=","ZnduUyRf5bdkYFZuEtlyxToFRalos60BEVoZfPuZAfs=","74chDynJaBMGgMbQQCunCpSsDCrqcooKm8e6bTO+62s=","b34CJf+viO6aW+yI2d6xfrQIN0gJ8ZjzAFHUdxuV2HQ=","ZUXWgiT3xNITQDgP2tk41pnoMC1gR1JxRgoCAhdZvIg=","6Sm2jKavNApmLp0F8ixsVagmH0y09mJU0gr6WtFo9+w=","zHCHhzwvLN35ebPDWXGvo4KXzXy3IySon4BcVB+9MBU=","O90TkYd0PsXxbOHFfCZWf6wzG+A4nq6YD5Hl9St/2H0=","2Gzw+Z8a2n/tsPznEy4gjUHZWXG+MlooApxPmI5+6Zs=","CTpOO58tFk3gc8ya1PQywZqM3rPQ//r6+Gn6dDStMNk=","CxlxmceqKFJnQmHF2+ltlrAiJ/wdzlmq/jJjmKiIkcU=","3bN7zu58PllmvlqK8Jysc5CymESoNCVKxQBbB7WCj4A=","q/LJE533oZ91QnSr3TzmkaSS5r5LSWj2OmqlpL43Lpc=","R4CSHCXb5V+fELnVwxZdU8bOCY4PmWYrgdLfmFU2tzA=","QaYk8i89ow1diPqrkPYCh6pRDxIbIU4XLH4MV5wER+I=","S8Qiv6GLn/cIer/uPM/YSKH+gSJ54xS495hgYQ4gNqk=","UZyeEtyuDaGa2rp9lW/2/RNScxcodMGejxqoD8qKE3U=","FWuS0B4Zpbd1biz2dFhu1zQ/U5lB00Jkdab01kMuVPU=","a3mz6FR5wPr3XtxF/IEKyPk7f9TnuHRe1yttygUyZOA=","XWub8vaoDWwMQtWMlVWeK0xtN1WMdKPkwPBLiu3IniI=","Vq1ZsmVMoJ6rH+gDYLRchxcqxBs5M6CYdHfyxxGox+g=","u2MsuHR3B0qkBt5AV21H4ZI7AqA60Z9ZsIavvkJuowA=","esh82oOmQRuB+g/LGkesJF9Io22KCV4vSHAek1rJXDs=","W64luixam6F2RpTqfUHQjlh3r+K9q0UJCSwMRZLJzF0=","Y4Iw0yK9oO4IATfPRPdl81XyRD+htUrysOMdoL25hyo=","qWIwG+QR1QHe2uSr+NsDJ3LCLHFAP29HMj7n9MjNR1A=","4mhh4WltbbnM226RhFKDMagIgc+jxCcDpbU05nexlFQ=","7LNT4hY1a5xqXG3nbNrbUm2u3a+d61dOCOm2gGIRPdY=","hn8lRSZpfwUlkdvKUDyRueNmDGcoDCNBesf8qcK6yXs=","UPp7S6N7ZH2SX24fDot/cMMH4nlb/kE1oSTo6r3H314=","BsBzBZKUv/1fL2WRu8ft4DXzwO8ca3QjLNMSiqNGrcc=","EW7AL3rteG37cISZDJVW9+92RG8MqeTYhshxbwKR/YM=","2KWdrJUnL8yz1qjSFeqW2UI8aGSYOkayDn6nqPwzlLw=","Fat0/8I9iKdii4udLrhQOsCGbJUotnlUxhaPXuUd2wg=","glk3x/z/z8ukiPai79CpdAvLmKznqTc9A2NCQmKpta0=","VFdkfsCek9qYhY8nyFN/oE45UW0xOuvwsPmq7DinD+8=","47hJ0kCU/SHP/RTC01owzOdb34zgb8oq6TYrVpWUACY=","7QYRuaszx1f51yr4Sr6/WCp91BvRKMSpZhbDol1PyuM=","/qTlDXmfAXDBUlyudT28FMz7ICBimXusckEOiT9lMMQ=","mhvy4QD+IRXZ6i4aUX20obOU+J15pB62zeVgD5sdiOg=","zOkwgA7YPwyyJdhsD7tmKZDreqFztbj1JPjXHKKFmOs=","cEBe5gbn1zOHxbKOOJAxDyQcvbCKwPc9Ofo2CSvGtek=","FLq3F/o3SFXcSWpQ91TLsTUpUe0EdTlFmFy6KFXTQrI=","RobzZUk1P3SN4W8I4KYd9ez4RsnUgxwMA18a70flyYE=","c4VVPOTcKoKiC07SXszouURZp1WMVv3VN3GVqExfzxI=","gIDxpseWoApmXzbRjbNfdbhtH9zqX5d521KK/Uq+cZs=","0TPaqzEXBmFhVaWYyASkdS20W/zonBs0y02gzc5AxHM=","2qd5J4wvrLPbzYY0UJsh8soJtP0ODz7Eg1uqGRxUcew=","VpnaKfb/AT1oiP6mlKOkQYQMwhwGk0sF5mLXcOA/bYk=","xwIDRn9OJ+naiSXLgiH/FFkOWU5wC51Hs6NZkAa7ZY8=","sLXj/46wbDbJSq1OhZGT8Q1vuCxI8uz4gLR7hH/qo9k=","MZ+UHZmUM8oAJv+oYGNk59yLZRxJDlGAt+SV6Z8Y6Yw=","4D5ovnF5JGhRqW2GNLeo3rDWW1V41lUlwPcPwZqZYdU=","LcZ+/3Ym7tG9WSXpD0p1ZuXUxKy9ue0pqaUOV8NHjwM=","F5WLnOxU1ZNLti3wPzPzYjX/zp9hvp5beSZYCleh7Jw=","d48lvy96XuERGR0dVwdnWGbp22idEk4giwz00U8RnUE=","sMpfgZUWiFiue00WuRvoCgWzSYoCF9bXxFHAA1wpTx4=","OsEdTIHEX7n0DGK2tk9GB4sXMcICooNPc9WMpzldSec=","PWvxKDhJNXWSOoClMFuixB3nkox/5DrSFBrzWUvn/3I=","/8AYzb/il+c+1ZjB4oVXJAB1PjFUckbmqLAYRCVgMIw=","AMhuGKy4lfP5ktfLWCxJ5hMe/1JxUCb0whwjsVrxyog=","9qj9Vpcv23DdmSo4lPGvuATd/B8JE6uD4mosRgHSaBc=","TiqGjCEhuA2FLaTxgxOt3dq6jcXhCEVRzMqb04m4xek=","PPdYpf3kxBO5iZiyBFsMmx04dSYANXIT6wL/8qtE/Z8=","3HfTMVYbZjQxH/PnzTe23YM40HW9mVqq2ySHw9LR0Fk=","9VH/B7XReQ/XbEiRgV1OjnIBa1YuDlNq2M7BXD22LLs=","J8UwTKrorlBH7o1n9FaQsu/O/z9dhjyKctxhsXOkCkY=","PWpB4wccKEDArAJ54CvrCQ7P8+ybxMJ7ORNin8Z4cbw=","+9QnIJ+27qd/zTSmQ+JGnmi4sa/5KaELHWYLWa7nvJA=","CmY8/DYDOnVm2NerKApFtO0u72DzDYkOlkGBdSdnpqo=","cquSPBvMXuqMzOW0MF7YdvafT+cdqdnThSaxGygAY1s=","acm87AXGXQAP1djZb+QwvcFEkhEslarFr4k2TyEXc4c=","3fsGJf0fMGFNw1Kzxw/sob6hNX7641gPY6eklSuBcTM=","GIcQXCc+2jNNL8odBgOV467LP5Dqas3ePKB3QcL65Hs=","zZMqTutMgrjR7Ga18Dx3wyn5vQFg3db/fFqrvKVLxlk=","Haw0fEaUtVYqnBiPH/wLWaXduhgua+oVVkzoL5uB15Q=","kIO+9/KQOyP2JIQ2mg0iHz0qhOsABgF2LcZUPsiKIeU=","9W2Xw1sePQd8tOwoTl6MEwLlvSkIDxU1DiSueqdzm/E=","l/hXDoY72qh02zL4a9wG9DtFdDoDkG2MSpbXfqOJ/Yo=","u7pc5avR/24oYo8n6PxivkuIp275aDs84c0QOMUQ5vc=","T1Tk769KDE0WvppI0xkjBxQPpy14noBvfse4h5L9tj8=","FVM1oZKeMmmVDWBIIRq4wgjDmfZdwwDXNr5ifE3WXeo=","2jCJXEehdA1aGtL/sU+NfEYmxt1BxhRRG1Mlj6dKKUU=","Gv8BaEdSNWgHHa4o8Gf4msp2dt+tfBExJQ+z715e0KI=","T+S6yORhtyQbCxzIgger89CxBfH42EoDJhoVPz+ENq8=","BbNV7QY4FRIiGjT//rs242nTNPGk77rjrwrutSeYeyc=","W8vHK7jSsHXVGRXVpd4042wsmgWEUZ1IqPrU9zvTomE=","q1uV3wSWLEDpbgDHbBbGs5gdpZ9+dNDFUu0Gt1Wd+mw=","qu61/OQvBoJNS/4VwI3muWU96cRyEoW2ajZqFqBCylo=","5GZjT+8snsl/fw+Jqd9TWK5TRw44HENzSZl3f0gt4SY=","hr5i+4/zhaWj9IobRpvAvm1GpvVTi6KyXzj33BxNy/A=","aaggBHyqEbTTUi6HJ9Eihk/GCvU6MN/cTbgvSVlF5tY=","l+iS089+DBiqsxpW5fBl0P/LI4nrVQPgKu4GQQNSU8k=","nMfwUHU+hQWJvQ4Q/xH4tXkjJbKQgYKmTuhuAK6pSz4=","46J/UdyLir1+QQFGldNvdfdz2AxckXXfD0meuA/B2jo=","cVW98ugmjPtGAuv9v6hrE2Xd3lWoAoFg1uAXsSTJ0NY=","FeXPwmAm/ms0szIkZzvu/GBvScxQPV1VX92r5/Ux3zU=","Ski1Sl2ThfsYqdOQhuJj9jda1aw3uI9iTMdRW5kNJWk=","XVW+46x9PLQd8uSdX1Me9CgFYbGwG831ukW3yWiUGko=","WP2SaIey7cs6ckBZoFmEm5lAcwzcL1Mfd0ImeOJRM74=","cwA2EE+w0edF0whSc7DJdA8mKskxsTK0gwRZmhBTVmI=","ahqvOBjbPsZ/5dEcVE1cUy2YEmRFMss/bYJYmy5KWVw=","qmy2QpS88mRUQRlXgI/02E5K+enjZ+amGGkUZ5LIPcs=","WNnmi0vAY8kwmhwZ5aGny/+wscj+aXPSveKQf3dHKgE=","qcvW9yO87gFir45PjvLIzKX2cj9yq5idrZPsRzRSfvs=","I93qgp6rUfpj+iXJ87jcUWKDlg+mYzrDlmWfuXaZ/FU=","8t99sPALNhHFLSNVsHmtz1Qo4V9J9EBvO6veF43X6FU=","BO1X4iX8ZYs6AhiHPy/RzoIVemBX9TCZOtfWdSr9tZk=","wGBKvhHc8CuHhVmR+HZ02iffvjlRcP+Mfz3WAGn8zsw=","uT14SR8re5feD3s7h3CxhmS67MimPDzNjHuGN+ddjP0=","hkwZsxcoasq/oAZBZ8MY15klvXHlvreiC5yGIxUm++w=","qpegzhjEeD/6U/WBVkfmWfacvQ2lDkBf9T6RpM71kt4=","kDS6jAfAMVFfOQoK2CApGyuVdJoBN6u4Jv4GtCa/so4=","WobPGOgQUHRjOlCwi/8RGDcs8GRpcxi4Vo95tL1Zy2g=","92NHQDCd8rqnWsTj/D+dP9ad4caMUP4Kyaa8NtCSV/4=","hp9k2qL7Z3da7wtpfLHJMnV+Zl07UmnWHJ0lcI1Ly40=","01imOb0LChbRdSutZ8O9hhT1PPsH3NSDrc0zrNyiFZ0=","tLlQQ90jGJhGDBirARJcolrelq8JLdyag2rzeljSE/E=","0HRYMCmL6w/HD1hNd2FPYnh2QDEgrEkOVO+VBsFZlYQ=","MHQcaoYxd3ftnui7KGSwxfzfsx8Bek99oY9TdwI++iw=","Ig5/eItQBQju11EnoRdmS4GoSwP6Lnz8hOVwa8MUUbU=","2JETnfyMnEEc7MM+/EgOHDbHoQE330zHnTmSFY7G7FY=","8oCeN56/RXIV0hPPMW/kLm0SIgveQ6pnQOIiHGXGXVw=","RdpiQvE/hlqyd6nimOpE/cIUzuYykd7hrLkAnYMmr8g=","Mpbu0CrEL4f3CUM8VCYfqQP38/FJXuAsle4ntz4XXB0=","OV10278YP70vjELuX4of6ea06cQqGVBqwBmlb67mDDg=","54ouduGf5kn8jXhGH1bDldQumquxDtds8vh2NgCMb7c=","Km8x5+k34/rcxuvonVuiAyeeGQQLNXENW1YMBHZBOgI=","cmvTm2xuZzzrCizShDVhhV2O5cL8N5SolaUf2Xvn7Us=","COGXG157oTJv4BtdUsaSwAd0fZiwgIBTnK4dFuObwzM=","0YaZ2l6pNlnLHxZFUZK3NxSD0YaSkfzTZw8/MitLbQ4=","BzWHzpiLMdntwQeXGgbDbVkDDc9AbgDdiRmahT8c6PY=","7bNtYSFbYNO814snfj7ZiVzRa9Dbl2xY8ueH8qInl54=","KjFwvuQosrsk1Daq3PqEUm5uxCBecSq9H1wXP7q1r7c=","2RHaFu73UElQ2kRn2PetXjnvdh6ad1duSITcfMvr3jE=","zHq7IZmwvSMW+Zk2lYzq4c1L6SuufzQ1LraOvQbZfBQ=","qSxYZSRCDT60IpKCi6USn9ISdgNnoop+PSx2uuLVcgI=","PDAhEpcyZbC5Lvv83sl/ydkw3ubGyjiIElSLS6S5bLA=","ELbYXGL0ZaR/s/BP4LuqrhYPw/2Tao4kXIylwm8WVdY=","5KXxg9WsDlmOvbK6VYv11l4SaCqTlrqJtS398F4juuA=","XE///xqM8cDpqQ5HrBJ6mnYq2UQpECXOVyvEq958PDk=","pbZxzUCmeVcZGPfEnF/n7cJATaXY+IdRn1Ev4yMXYvo=","GTS+0Iwm+LOg/uQ1w4/8nrFm+UawjXFzADoCPn6Lo9A=","eVxVtHeRcjbPL86SxoZ8Aino9o1erMwYKA0D5d1G2Os=","ySFP/w1P0O8mse9IUHCdaEQgfDsa6zMeRY2YP0+RL0g=","kesEDUSiBTLVwiFXbyVFgZd2vr25ydKdY9ZCB7tgVBI=","7sDrk6UZBcnLIAMfK08765zNLa/VISxpOX0Gd7KtpOI=","OL0uFvWHnG+O5ZjEvrF8hl2mGtuCH0R0M6JklHZ2yus=","YywXwOxaiZVDXpuUX0HnZPyUmZf1B/65XZT35VdlLKk=","iTXYMAykAdM6oT3M+Gqd3WQwmu+3SSiV0jZ4zlVKdwo=","deY8aNFjJo0zSH9UiW+MFff5iZ4Tg4Z9yiRHn+nvZSg=","uvcgyQYa+ZNEn8UO7BB1eZVIZUmzj7eC1ei+FPWxp/c=","No4jmZU3JkroeQdgsMaYBKJWTmAyvPkQJ5kLwFeIckQ=","y67CYnhrXrf3Y0nPKOw1N4kzPv12xsTsEId8VsU8rxo=","dv/cZ0DrJPRw5v6KXziJ2bxW3TelwvYF6zF7V6m34z4=","SOoDKfk4d1Lg4foGuxnanu9PrjXGCFynkZ7yV+8x2S0=","+VM8cQ0G1K63dMi6xJU9eHWv9R6DxGHUebQP1sFroTs=","eMTQY00F/PYt/Xbz/3sQhuVCixPeHNSjhT5WU1Q9px4=","CRa4zh87lpnekUzQGJih1/F374pN2B/2Mg9GV0Ms3RA=","lwW+wM4cTs/Q50A9LXsnh8R5B+sPWX25PkUn2viQuQ4=","6EWPwhHyLdroK530oHzVtj8vGjyDCT0ZdbXC14E5UaI=","v86qDy+wqr+uuZHD8tQL7d2v5lc+kKetUiLJNNEAfKM=","Tsdg+N5QbJJLHgHoHZ8sKNPzHIrlnw9AyaOXxzuwo/4=","CE3d3TseVxqd7J9psxj2hqmwJ10LvG3Wvy2yUMC189I=","yfkeW73vvuy1JKCQg8TLlnUwiEP6BmkdyGWcX5CtjBw=","1yqtPHZ2XvA1h1yWNREQj4EZNgmMe2SRYO7FP3b4Vn0=","gMW9/uc8A6oDv11fzhG2QNYwFbWqChZAkYLhHRWChRc=","LVL2WAFCGirHI44ijlKDSxw+UYXxTZByGQ/KtvkzWbs=","rQKn9cbfj9eBk7vm9kozMLm/6smJ1G2IGnnIqA5AAGU=","CEu8DVDOQR2JzT5FqM/HOF1DEfWYziBjoyBNiHO73RU=","mTyMW1Ujs5Pr2GeFxgYCwJU6TQH0BzC4onATdLyKa5Q=","pCohAoP+waSLX1dd/u6GQRRY/n7UG1l6y0+cmK4QRdY=","wHx2k3TLHCSSJTC5KYN/x49sikSyF/GtQBURLH6wf/I=","81S6Di4w2+p6F40IdPJm6Kb0MhpVAQuq/jPGx2zf4d0=","a5R9+KswdPJMSN78agKgS0+kA+dsChgU27gjjRzVMKg=","wEHRc2MWOYNLrCzRBLzRsXem2Ej4uoARVmRgOxdvDAc=","O6nuSkjToNpkLsJMZXaFN05Y85WzYbSnZXCJVrZl7+c=","B6DeQ1nuCoMUh/lhLm+synl0QlW6qVWMDYMtC01j6Nc=","N6tWNIAS4V0apZurQwbBrW0lly55UgeUldvJYUetbOM=","ViYGbfSI/k6SuPgyB5Wp0xgLICyQK0FrUkMEq5FUrGY=","JoJQy5uyiSo32+0u8PAfb7TtsKBJA87nbaB37z1AtA8=","lMwGUqN6xX/Oo8R4/wNDjV/xhiavR4JDRLHUW1Lw6dw=","a0/H8UxvJdZ/AmLzP4Mwa4YFZpk07A8aJTL/S3V7bCw=","L7gz8hd5nJj0Fd0zK4e6sgih/ZMkIlkygOwsuQn0Meg=","c/doL/l/2jq70kDXxZV66yRmSuOYysyKPw7nQSOfdLc=","07SjFhAb1qfyUmhWQv+BmPYwkWEtVz34r8DVudkvqtg=","woN2/S36K5tBGK81b5a8H7pQIoXyWogEuAjHECg84Jg=","BWKvB9KBLYFrvkMOxVAcSAlIgTI2MB4HtPwXWKdudxw=","ColM9oZP5HskvTZ9d2pNI7eQny3r7V6TBoRKY0ID2fU=","f63w7l/eltGn+/KnQbd8s/G3F2KlWEjRoHWb1UOnhuM=","/GjbMDQoMyby1SkZv1RUgHxlRwvHuTUjGzvHdWD1rRA=","lryxGwzK6tMoGHgXjVcykLgGDxLTRoiTbfo8O0emR8Q=","/DyQOaAxI2o1EACfZhlFy4CVOGqS/LeLB4yrbAcCxRE=","0AKsbfQvh2px8lShmo+eXUcH7nHguvFm5GqijWG9K5g=","OXabkNouoKKJoJ5RUhJkRXRAbA+OpSjwbRmCphrbybI=","O5YchyLEZrq/ACskyQoNkYOEPYD/rdpD2pkLLSjYn3o=","pdnYAc9W5E8uH35r/lEGonkxmlNoi4sh8SybMSiVvB8=","7i7Pmsm5j3cQLVUVgPu8msb6hl455fynDcDh5YsA8jo=","BksLrEpDOFvbn1GHrFatA+MHNp+5LcY355jdLRq+PEQ=","9p+DKbm35x1VPn24aZVi5Ul/9h6jcia9ieNqEIfM7Cg=","nJF1zp8uP0XZ/G5X06ibvC+cp1F93U2JSLlUJbp8oTs=","sPMiZtXxrBuoRo1SuAulcyYEY+5y4gzuSl7shsx2FN8=","wFp9rV1Z146P3CRVRwO1eOiJmbnJPsL4YErgR24i6kA=","UlkcYiZjW2cbqSjNLm5X1LBAu1WwUhX06+DKB7yd4hw=","8yy3tdL67bFX7ngK6DDHtnkilGMX757PuZtDxXALrXU=","fsmFYuXzSk5u6bBAk2b3irKXqWAoSB2ilTz4tMfB4l4=","0uLEFg8QHy6DSJh+TTVXOV/OiMcs2VsabJbNg0YtmlE=","mJWd86sqHr/syP4GB536ZMZkW2YpfieHr4pKE9nbcRE=","vnCVoQn0Df3sNB0rE2sm+JGqWW0vnAUI+d7yyyt6D+M=","4jQBh8NKWKIa3hWKLPRJxIlMUqdfRNeVcoZL0t71nbI=","muqJTExIoNGNN3x9u8ql7TaAPlSWRR1TV2AlgCP46hY="],"block_size":4096,"path":"devpanel.bundle.js"},{"block_hashes":["ovj1n5UzVXSiUupc1q8dgEgEotxkhIZ/kzV6uTjtZv4="],"block_size":4096,"path":"devpanel.html"},{"block_hashes":["IH/rtPaqJywi8NHwn7r4x8pHJwolvfqzxK2wfXG81dk="],"block_size":4096,"path":"devtools.bundle.js"},{"block_hashes":["7IyBKAakMawzhxC7PmcRs5o4bVs/bvsL2+ApAJ/U9Q4="],"block_size":4096,"path":"devtools.html"},{"block_hashes":["2Ic2jxiqRIPVomeobR/10moJBIuxyTwKydN05DgBQ0I="],"block_size":4096,"path":"img/loading.svg"},{"block_hashes":["stgNuTzV6nOavcmQpM08U6xLIA04naH+PQe9zpxWvfQ=","BQ/wi+k+nTWbnts+W0jIBjUg7hv2ZEf2nWO+kT/e27Y="],"block_size":4096,"path":"img/logo/38x38.png"},{"block_hashes":["oQHGPBbCmACyRQm5Hs5CUoLbDcmFibSSHs9zDt/ce6I="],"block_size":4096,"path":"img/logo/error.png"},{"block_hashes":["Z4dzuRsGEGfOQ820Hq3Fz1jDHayLbOlay9gAOnEFK9w=","3eCx2AMveOXQd4DbWm0i0YEmMWr9gbh5r/bdrVCBQKc=","iqHbGWYHZms7yPgAWz31hmZ1w2FJgaQGEgx+l9rR4/E=","hVqjtz1xAeFI0/rOd0KbkCcx+Svk13kNiab27WuiucE="],"block_size":4096,"path":"img/logo/scalable.png"},{"block_hashes":["mu/1jKgwXs/DDhBCOjbQEra34V6a6uL4ASPec/0yhRQ=","//Q3NMkKz15bSGZ1T3vHtzCLBQjSsJW3bKqJGN/NpSc=","/M0KsjDg2kulG+X9DCxj+PQQQkfYPgb90MU05uco7gg=","G3ECeynKbqs6iNUTN3Z0GJpWFs5HiqkGDtOLnWF/Nik=","175iXE7ssYihlTIEFoKW7wdwmF6Y6HJQ6CLAdT3kAZI=","W4Ob2/MnO4+Mujc3etvuFTDJnDtLtJ2Yo1yPVi+RAj4=","40L9cOkrNd+erW51ihho7hjaDBP78Rz3fC81Z8/IuoU=","WkCqlmY6r+o6pCFZ8b0GfkJRrmLiawY+juWhiJHlKfE=","KY3T1d+FgaOWpSthe9GjP0xe28B1Lfo5Uod47gPzoFo=","xvQzEQ/daqbRcneYUXwgpdqpMWyGTs1su0xVeXKh3Cc=","otGK9YK56Ohoup/g9v+2VFxy86Zf7nZkhFrl5QNmpLA=","5WZEFjSyvXibz0T+SCMrjQjO1YpbVl3BraMCA09FyMw=","jC8p5PmS/Grrl/izzrQ0LFsCcN9ZvcK0bn7HKxihB9Q=","rYYCC9FVezfdqIyqb1VUqxfm549Tbo8hcN4abym/dWg=","8agp14Ycp1qCPE+cosYKcmwbMwPVFcywIuzooUZIB90=","rDzM+4wz1Ga28qJRtzyd4WK29LXAvh4T90TRc0qG/FU=","NPryXr9iuJlLKNmfM04g6sCfa3v372gSalojaRvF324=","qyS928lqV9eIRRWUSITATtJuWx8krtr1rJNRZ+kV3yU=","K97O/ed2kpRgxxeXMgMBvxXZbwqfMlUzB0uwm5RE1Bs=","VQxBvuPVM5u/MOBOiIUMFgutt6og2qNWphxOU9ri7NI=","Sv5FtgupAz/ncq5ak0/ULSeB7o6iTu2LQelYu7jBYX0=","3AXdWK4kmxmEYSwpTWrUOzBzB1kftRtTQnO+6+TRvXI=","gubZEKzPNMsM+XfOdA1BY63MQx6k3HcFLDXAKqwexak=","62aHKtevFmS3AVcBfBxXBzxrsujc8ggcqy6V380g1pU=","uTdXBMiQAx78ZqO45H5xaXJU/96gCiT7q8q6db7ThK8=","WplmW7nO2rz79pWJNBRwCRcA0enk6G5oOlHEyzz0RDU=","j5WFduRAC/UdzOsOkDDANS11UTXPy9CJGc0kRpye+M4=","1ZjW6Hl9oZ5hs5+TmAC0SFWbRBRK6L0Wu5lMkpX+ZVc=","EOYroaVZlc+kywJpZWQ+4IZDMTKtOzzGaVDiJzZZ6eU=","Kc4YSs0a7Odeclqzi7EGriPJUd8O5RvCJT4ki7yIgJs=","1juNr2VQ+PPFdbpkrRhKOy6SZFXd/enC0IudHqYuiUU=","ii+MISXxO8R8RMX4+mCffHgr6sAs4Z5NBYrXDSMOrz8=","sLLLp2DZSjiQmU3AB2i8xz4CRuQUjzVKmubZ00M8kjA=","l4S+f9I4EeX+4xb07nkxf8Jp9/TixWJaw9m0zE4MiXg=","G/EJFynytB4Dorq6IeScZIYp4/WlFa9vex4jRcDaD54=","+BJ+KnwHLJ58+QbMUp0EbdTWZTbbvk3dzZPBZRmmS34=","oA8SFPRcFBDwm1zSnhm1Kb+paL3kLDNNl7EyTLDE9r4=","jKagLBtKY+BFlyFYJNHmlsJAol1kORHD7gLY478nCrs="],"block_size":4096,"path":"options.bundle.js"},{"block_hashes":["7rzum5B1m4DO9vWMH3rNT7qXeQmhg6lpHmWOCmplivw="],"block_size":4096,"path":"options.html"},{"block_hashes":["4A2B4Ilbeo1FcEZ9ULWGxvtlHXK4Cmz+0BVFrvnbmvY=","h22gEM/KmzMGdv4T8iJRBKKlsD/UO9flr3uHW9yQXCk=","7+JyGJWQ+yNVpi0vffQiydaD9EinaO0QCRkPy2+oErU=","IzNKahNJxD5N8VVbroE3b87z+i+U/otYKIQWGMNrp4w=","ZTj7i0f0YDgn+8SZQo4mLJ2g+NsXzUq9lrjIHqojrZ0=","+QxctxvFuJHcNS1oWILHhlr4DV8GqpddOVddUaUPGuc=","X5pHd7tWmUwUnf4P7hZFhldmlRzwS1y+j2eRLVf0dHk=","5P5JqWkMSfeXEokqSXf58iofE5rOe8+ueTBMN3ItwfM=","MSshNT7P18qoWP30XdluAAyDtOO+t7L1woZT35Q0xU0="],"block_size":4096,"path":"page.bundle.js"},{"block_hashes":["UXhsjIDoM3Zavf7oF6P4Zz+E7EN0W18G2vqoy7aDvHc=","8CyZBTZfyCfFYNrexGU7QvRbZ7HeKBQ3vumltuciTPI="],"block_size":4096,"path":"remote.bundle.css"},{"block_hashes":["EV0NmiJ7pAEIHgyeyR1iDbqI0TiF7y1wBsFMccmmSls=","spe8TN9KgBh0HXAzBgmAEraARbQZm8Gaaod078b4K8U=","2B7AzxkGAG2kO2YZfHCrDXRG8jq8rlO9L2G9iTa4du8=","cMusQ6XHsv6RPvWYwjIyNjnc3KGqOIQYew+prcrQrcg=","KKzeP6/T9ZJh+QRgM7BfICpX/z8NsBBH765q6wDzJrk=","IfYyVEO2uR35dd+a0yJXqikD8UVxQJmScMBUbZB5W18=","unuZJS9pegQhCcXC3zQ7axoS++zpOudNmptSn0CQiOQ=","fqTFKmbe2yNx/TQz7oQijAX9QivOmQj28xEVzTtClwk=","x866HiseQUOSi5E+KYTAKmfqnF6o8SE/kR0IxlG1DHQ=","olLEmld7NnF3lwTG1gnh/K6EGUFRiPid4hv0zmM6sFA=","NdPg3cbsY7yincmgWtUDZZf3s7I7l4u8t4/iszzSNAI=","mx8hI/Y0H/3OErOhuSRFPiWdWRU11MfHnUYmc5CYEsE=","g9+Cefte1LmtabtxiPFp+aGaEpjMHXKjeJGTus7NufU=","sgleN9agHvrwfTXl3I4sHVYkTfk02IVygHwDWillC+4=","JNB3u7nRnowtw5Rhszqlb8vbwDSjb9598EwRGSY2b7k=","xmXJld/HEpYncnfWona1VdNG/F3TAPCx6LqVb3CK6OE=","Egrw68OBB2fttD1fLxRfJnr44DSYwqIMcYckQMDgRys=","uo2EslSsmeZSVuFdqAZ6KFnFpYcyvEbJTrIKGsTMeBs=","YvyjvvDCSv2P0kLYZDGBQWA1oyp6RgwdaK+SVNjI2a8=","RzSGR2owKA0T45oTKzb0Kb8YvxpnDP9a/alfSi6kbDc=","8bVcQ+jHon7iHTuwSIbdzn/65rZwQnx/mD3XDc8UJH0=","KWFdfec8Gn9mGk9gC4NvY4VYjc2Ox14oGqKXjUGE7cw=","NkfBz2bisEMHz/fnXTd3sUV+MM65jpl33ylGvwP5Gko=","UsPR7+cADVDeEFQWGuHyFgETD7XVU9ziBDumBqSbIME=","xdggQ/HIRZzG0hty2X+FhaEJc8vKwRjdNFW3TDNgOGk=","kFVoYsNcZA33734NWt0UkvV+8F28Y+9wFwogyjNZnLU=","IllO0pVW9VOYBy/3aDtTlCVALebJk6e7S9gXbWu4I1o=","2zAcP6u5PT01vh7Lhkdj1nuUdQWbj6dvD0e5vqyh0Ew=","fh9XxKm0YB38bo2vZ4F7IHgylFzKtuu279pcBFLuNWQ=","q5nA0iOIJAiU/PIPeS7FOgGamuulkWT9/IfQIJ9znSs=","5rCHy3t40W6ucJn/9QKdj3Bf90Vy3jfpiil9YXg/tIE=","NnX/3HUq6OwNH7WXoBYksu0y1WjAIcBcCNKKJVeFwEk=","0bzV2ozHiSvgNzSFJlVJx1lzsUMEUstittfzBoMq3Cs=","/75PRIkMFppxvJVt95YbPTpqjlJX9zt+uWK3GQS4ehg=","6eYR5ti4U5OaUieVdBJFKNQ9tuC4rKSGuNzWM3FN9hQ=","vTPY6IqZa+gY3BG7c+PZMA0umBSJjzSe/SRMkB5aWEo=","qptLBlKczBNO0GyaVTqFB2xoI9Euq2UF6qBfMpBvd2o=","H5bRpiI5xffTopqPqfcSFsfuD/Ub1oGnhYplfkd5u1Y=","N8VgTqvVgew0oJwIwhhJXRd2aFpImebVcnFTekB90Co=","lOZz9satdI9d/+ABqpa6XE8qP6be3DuhxEWRn59dbcA=","2Hd349f9g0SpOq+31MKVbSKgmyxxXATtFjMZ9ujFDPo=","nc1Zlq8Vx9hmF4mHV5S+DQ0irCD0rXwSNluHRBZWJDs=","KO4D1OjKrE0CHWnWoE+a8HvKUnLoIYlam7/TBFl5B74=","3CkyEz2UmSP6Z0cDIJhi5upTBPRiRh9w2B38bwpadeo=","1s2W2C8Tc6l9IA5NEULSbyYJLln9jJUhpZB34Ap3sT4=","DeDkUh0p7+wQy5cM2612Tsw6snYBAcgt21dYIkWq83o=","tAVeXti1vufL698+Sh7E9nqAWdLvrGM/+/DpRpMfX/g=","zQLYanp1IPksk9wPuh+POP1Ow48XkNqX1J+i4leHLSI=","K1PK6SoOelt7kZc5B3W4g6V12fwAdpkVpkvBNVY602A=","i3Hjqeyf4bjC7pXvc5GfsuwqNtCikz5Si91D+xkqMus=","YcxlFufFBG04lzHkyEB+ENXFHIOI9eQG+UnGkVE6uhI=","CbiNe0100wCG71N4YMOLcMifBlIjRmpR5928pwYf3pc=","IH5dcAb/sLR2ge43ULwaDuQX3yKyulwkwe3ZDKGuJos=","yDBT/SnH7SfgPUA8gsekSJHqanBDVV3XEw1hdD9HTtU=","Wmb3EHXRhFTc0VAXvspIHzmV+KU4U/L4b8FKUXubbgw=","E//lzeV3s3Jk61eN+tSO69ZdrrzZpGTQRUo4c8+jf5A=","mMzfss/UHdXIEV2j0VX302cl0pjBRH7KqNYDL90bZ1A=","O6QkCr/MK9OnWClCjK7ztfCWAuY9pv95EATfy1KK9s8=","USuLaZhtouYmb+6ijeFv+rTrVmmkR6mg2h0CInusnW8=","z6Zxu+81U9q5V6MK2VNreORuxn+lEcRHOGmhde7MgZc=","bG3auT6/iGc/4I49SpQ+eIUY52nfzPIivJwz7ioMMWY=","Nbw1m9hSAUCFdrcyuKEjJl6amXvapynBgixbCL4rC4w=","sIdSlXBf43DZ98KPH8T5/DL0lxknwNhBz4Iu43lz04g=","5leLYjbjjdKLNH9kgmNS290L2tdR+Q5wkBer316z2aY=","V65JoXxK6uJUGQFMEdoV55kVzEHRafBZvcc1f17dKnY=","vw9rx4aG4eU6bnYIzZiXQrlPIFYHj33hMo37PRnLRBI=","N8UyNrt2dicfIIRNxPig2i6TI0hm4Eusi77NJntQTeM=","7gJ5DIDN3K1VJ5OEuq7/qUQqb4uLx+9LITQQwXUmePg=","jwl5RGd2Y+e/vG69aplR2CrQlVIr1hJq939Y3GxsfOw=","EOwLoQSC/UnubZIZWOnz6kzeR5KUTLOSrAZbzk7qvKE=","4e9g4UsIfdIsXDWecT+VSUcPVfym/zotjIr0YI4CD3k=","gUQIhCC3dy0ROwThMKhy8Le7/hATTyyLvQz5pC8EARU=","gctt3F9E12Fg+p6cdHqp76SEWjxTWrIRPbSc/EMcybQ=","XC+ff+CKk5eXdnXXtlQYifdNWCDi89Wn7QgQdWI97Vk=","lquP5DXboWqfrn7eAj7J5vvipscW9MJB8NMUs+r16Ns=","VtgTN2/anFTr+1VFmEyCxfnbsAAUfBx9eXNBsg0R0ro=","vY4vSO7ZCB91zUzuaF+r+NEIIz5JMKSMQZIyxfpGGOc=","RBXaxZB4YNZLzzmtZbn9HRl9lgH6YvoUcn+jfi0s4/g=","3B+XJ1ClpXbxrrFVvqqTAdqAnrBsp/+WwVLCHum7NOQ=","qax/DIhZ08kveSNGmKF/+CKiMf1wKdYEhO4R2zZYfx4=","CRQFanUyqLbfDnPymZqRrAUU2W4u8MAlOoy/VHqQDrY=","+uZ64GOceKQBcKAZx5SXT0au8xEaaDE/KANRP1Pb9AI=","qicYXOCXVaYRTx+8qgLeiUbK0W/IPzb+kXtQ/Dbl8P4=","w9MUty25rVvo+bbbFw0fnhaqAf3J249Gha548h+NeCA=","pxviUDQpGhOCG8IbX6ChXTRwX43u6z3u15kEAdvuuWI=","SErrlNTN3BYgxSkaWCZQ+RZieOIVjBmmuaEFIv+9EIc=","ToS6CpJuQxrRFTolmhrFEJM3CdLnxUAjdexVCBV3MzI=","FL9+Pv0JtfLsu3ULRle8aiLLH57820VIA8r9LQwAmjo=","x6XvZp4IrK5UglkTqLyd+FVjv+XVCPLj3ZzDKFX1z1E=","9RFceIrIBTGpCnN/U3mMa2c8LlXq/vOufBdZmJhy3Xc=","hj2+WMNQWKvoa3rVIbUV1EOMt/bzgXAHdLra6PlJS/Y=","dfJY5hmXqpOMzStBe1+EUA9bZWcCBnHLBIni3YfdDcw=","K36PBV5PAAcWBQ8zca9JJ4a87RqSGNf7lLlVLszVmvc=","pzEZLaaUie1YkMX4c7WKuZVzB+h7Gt36wcZ56NZLFA0=","J1c2mIl9vlByP5lY+JI06XmOuQjjykEpoOQ+Lw0P1Lc=","tKxCESIHSUUaf4XU5Z6okYzLhQc3Xl7id2u5VY38T+8=","cI6HICQPoShUf03mPRZicQy4YHFqya6DR+GyHZCKvWs=","RTaDVCeJNwvbBfhKEtXHdpdF6/fXMRT34Bl5y/EyKHQ=","6Jvh8WTzvff6C/PIyxqP2qserzyX2DkCvKp1I9q1w4s=","u2Hjj/amyglZsbUWac7zDgND/OK91H3UDGQHd5Ed1VU=","m1eVkV73JQQBKXA/6lONDYOo1B9Thm0LdcwzyLoNhZU=","ILuTHOPBsrcvE3iWbytesAV/S61uHNbL8Bpx6fVYOCQ=","46n30yG6kAY8RAbfO/MQLoLbggx/VFK+FtW0O/WVVvk=","Q0oTqlJ7aCbWql9YR9cCH6W7lmTAHib4VB8H6r1P9zs=","Y0C0wWyAMkgTKTuyIUERpsOtZ0vfhBp6jcbtEDnfB0U=","TNnczxDm0EkD0KBbI9XQM4TnKJ0lIh3FHnxgeTVwXuA=","4994Iv0EQ0upuGREmpXdP2QXFY1RhmDKyBxTcPktLtE=","KwzcaXd2YvyBpetjUaNLuF/miAaNYEA4mqpK1ZA2J6c=","rl0n4g9cNohDUlN2L4/5ty0KwHwt72c98DqLefMQJBc=","iVvBQf3RANDHCo8o2RgayJr8x4ozO1KHdaP0n2TCvbg=","AaiWEcPHQqRtQgk0iCsmtgcT3CYMTPzUiEh83QjlNeA=","So8rDUPDybiAo2LAVDnCEY/vE/y/rByu3Jo50iPh8vE=","3OZNBQP2QBYRAnngmDBAeiQsHtZRESZh6xZX8cqnMz0=","yew8frdQY0ZzvpfUScf8fLrqVQQwCgU3qlyruTIeNbU=","aYVx7MgbqMDemNRSOmY0mVS5El3bAJAP5RHZld9x6Z8=","4Y3Yz3fBvZTUj3BH5qOzXUvQCbfsFfXvLoH+irLSW8M=","P13UOk9mNdjGTIczCc6OR4uriBhq5YsrfiV369U+oH8=","7oc9JYbTsyUCk5N5D1Ws0gzMvgeoaQRfKjNehn4KCcw=","qrfhgcK7bKEOTqDYl4UiNUYvx0YEjZhpKcaqK+JtmNQ=","1PybtIq+0jTW+kjpCC4vlmWx7ezODPu1ACjqV4hLdMM=","zzMTqiGHfgh1BP6ulzm2UyzmSwxeUrgpg7a5zb8eOEM=","CERhWxcpOw0eoCUuE4vhQxrj0mWNes3UctouJGudxr4=","/CokYQLF+6X2/xJqBlEF8q+vGUU1cVmRRrDjS4CIBw0=","OVXRF9Jyq6XuICLoPI2uE8iAD1IyYbmg8wOSwwMVjwk=","O2veKzI2uSzIaCgvX4H5zDRmYeQzs+90c2H45kVaGc8=","UbpSj5dGftWI3kluzx+D4/vzPowVqZcA04OgqMuMrSo=","OXpROC7VdxhKjoZ3VTRSCPGdyoCrkJsDvBm3wAkf3w4=","7rLqNB4aMQdzx8GNVrDjKXqMjq8QWSi8a6GmBTP/NoI=","wo8508IroY1jVnP17mzSLYZXil/Q3rPDUV3pLIgiVPA=","e43CLp5cEIXm0AU47LtAMIMydUFUlj9QYMJxzZTyS1g=","Bsook7WnOqyW5wBttZn7OE1TEYus5lpom1eb0XYGfZc=","EoHNj6nirPvDoqqHFyGozdtYL0MI8Dx0BCjOBTt4jmk=","BNKklGQwum5b5drISY/8rXuMl3/Ap+v6dO5azpveDnc=","MqEzBwtrrz+8g//wlPoYUyMp/mE/fwpjNUrl/mggPIo=","bCugGEj34n1u73dzM3+GYgzzM2rlpObDRAUtcMBRxn4=","kn7T/hH2ZvEWCki6hgrLPkVu9duwdKuy5CWTWzR3xZ0=","HWdiY3sOI2yXVD9W57gKILTdJBE9ss88lNLRz2UQA1k=","kJd5BjNATpcYMj/EjXOgRQrXlfAobRdcpsN+aP1Pmck=","mZzoKx9xZmxnINoPk4FBDIjBsrsebQaT6ONnfJcZugA=","vuT2bw9jwXZneraxgTmWqOtRJMU03gFUHug1/vlMOPM=","qyW1gydlEiCWxsOBZTIq3iSp2XBIhLgEkmwZo2UucH4=","fw0xq8/rr3QaFvXE/3cCwGiB/HBGLyzA9txM0tYfQVY=","GkzOnpd8EddNATt/TpUiwyJ3en7N0bYg/jQvK6x4Gw0=","0+/kq6d865xTQ+RsA+IMd9ssiH7HqyxJGanVXIaDl0E=","6kiCYeHgebScwNXf650m+IpfeJrTTjthc/gRuXD/vRs=","XngPWLXPF5Wgyy4PiIyI2TDNaf00+jtLqdxwctTUQPo=","b09nPjnfTNHcxWS1/PNP94RW5hCHoplaCfoGx+6VnzE=","OsIjw8+ztiPZaN+rshdoAf3a+Ky0+mNw5fnAFi/jNW0=","LrYtje4GoRkabdN754hoMmMEMNQXKIVnTNGkegdt6Hc=","agCdIQPqYaQ71nJ45OO28FsuyRo7A15sXSnS3BqabG0=","pVYmoNR7jgxRElv/sCp0XukT7CcKLB4CDOe+4L2Lsp4=","YNsQ8jW4MKvdxEztvr0rKXFk4A01BhnnGcq2PNuU8z4=","P8xLl2kAuLP4KbQCfl7FRAgonLj08wOmDmAqwTg2IHo=","jhyXJm0GcI7iwxeD9GBnqbhPfkWyWDKbWSpmV/qYGUE=","cMdSXBnNAUflo8MQYi7nhSfnLQ0NvwZPbrqlEJIwCEw=","J+Ej1cpKt6oRm4UTg7xfPChpmSeuNCH/VpovyEinmt4=","o+8mIgKQHhJlSSYzrsutnC4uVdrYlfMPcHZSLlAhubM=","ELq7lTiIMuzAzcO9hLtxjsP4m973oY8Tgt88zFx7/1U=","ehtxjg7KSSpllt+yEJRNzOhVoyYYbmKkOR0wPCK8Y8c=","XgGUH5KvG0xbDgINonTyEAhYrAH54omzW4IPtcjRSx4=","8YVJmJ3VNQmq2116pi8HRk4C/ew19U3YLkhyaxPr2o8=","I5WDiapfGsMbrpIFsv9Kqdihb2L0obexpz5FbuJ98sI=","j7vqrBbrZ2wdxBoz8BydlL/v0TZv5L/7lK8Qlt9Sl20=","2NSCTaIKUXG3pyS6YXmpSO6Ao+JZLVTZol30cctMnFc=","So9i8ah8mGKREH8sxh1axyfxLOnVsTEB0oCEMidq0oY=","Md+QBlL0uSB9CLdT6xIUz76saEqVW82Yglw48TyAAMA=","Dg6MHdOiw/tjKQ6O1Ou3cgjvWfHjfRkbc6iE2bh9RSY=","kgOyKj/YJhZ0kwyQbJNafSTFzJgrmw/bggFL/qZ6rg4=","/yTeQUfDyFFBPp7PSX6fXyFeyDgVNTaukTKzsDr350I=","ASPNrwTwGiVh1QPtbqQk/bQsnW7673hVmMGzAy0b5H4=","HN2uQmFiEYKIQvzECYKyHdAgb7DY/m0JOwAkHc7MvKM=","VnoOvpq46YlqQ/5UmSM+9U1t2uU/EFKQKs/my9ZPa5w=","B8eqJXOC1YK5H5jopnaC46pdToQtSIoEQBrX+MWTkP4=","lpLp3+sFmU0anGi90K1oTVM8V6eycQDNxAYVR83Dtrg=","kAPtForFAGFYvUUqh7k6Ml+r/jlzA4buEDNvSSfKJ8Q=","HgAQFhKrBE4wVhC0BY+OflWxItXt6T/slR05JPBnMFs=","xCMO53jgj+JZg0WTM3zcy3hwWSvkb20cg4OAO0uLJ04=","UvQfK3hNUPuERMtVf7KqH+5GpSi00cewwudcaS5V1eM=","/wudcT4+nZPRJuWBj3DKtGMLNGRuzaaeqfNMskYK50Y=","etjHOruVxGKteEMUPfJWecBsgDkHNLrIM6rJsjlABpM=","yi65L+QuHAF2cFBIGGHSm6R9+uE0qWYm1kXSuC9+Y3I=","+leRgqS1TMh2u5mGy7vghzB1z/7bS0WnLLb0Z40PbfQ=","hgOpIPTERlbKLCqGTavZtQaPVx3mHuEahTcTqSmLKN0=","Vi01AMAjyFioDcSwkRguqDgI2gVgiFeBmV8aJhwImCs=","IZEAHhElJKDFZMGI/PKf1myudMvPF5utsaKW5C0T2KM=","tFqcUDfulo6iiDhm7AcUTA89Q8p1UkB1+57Gln9p3Oc=","O7G4jj3eglLBnXzHfHBMSbUYWDhp85iQeBGN4CGevic=","LFrI4xs10KHguyiUSqeffcRQQ1ks5rhSJGbNW9mOqgY=","J9T5O1raMw++jMKlFXUaEpqjYN1+IK4mUAHXIPbYbdk=","zoah+fhaH7N8pPrb8Vp+CCVIR7N2SDJ1ampePeFqefk=","2+HWe97WC4ZQUAjsS8hcYm1HOHB81m02hPav4cUJXO0=","4mqTTWvWCKy/PztVjqca89B4zJhJrfP+dWI3C1VBMaI=","oAgCOBzDYfKKNjUaIm554bwMVZi0b45TZIq5uqbjT8g=","B7Dpaz+tUE5Y9+jp1NOWIRjeCJ/VVxfPD7nSsWQV6CE=","z5r/kDCbExiLHR77KxFa0tRSs/RZpKmddqtFpWQFesM=","k7hElo4XlV7VcddJDYYzhUhC83sZbqPCJ1clreCK4EA=","FGZn1lOTlpJzOO4/PoCNxAKmRxAuQORpBopkM+lpmZA=","hl28UH3Qly1qakcxYQKz4Lwc1W+F8W75DsXYqml7nH4=","e2cOSchBC1cMr4Ot/3Trx26iLY8zY0LTbCdEjsMbV6I=","BRGHPMqgutzzrwRbf3hQy8OaF3NCISjDzT8kHzuETvE=","MV4AJlftFYtGA6fxvMsUObNO3MvjftqHBasfEW/Lv2Q=","qnxF++8robO/4kaFo834NcvvQCpRhEvGTsFgMx8fyVI=","cYmafH0YXoibpehMCLM8cixDEVY0ZMueBlF2kVi48fw=","1HJj301s6RH4b/ODzpNdCfBx3dFcZ+F2TZNR8RAJ1OI=","o7oWbiifwEzvUeV1Hg1Eh/DNs9nART0m3GnnObnxxcI=","vkwX76IENw2Kq+28K4Xdashz3axm3Pw0db1Nc8JOv2Q=","i0c6jMGVYKafQ7GThthSAFTJGasQ0w4GpQQwcGfNPag=","0fpEKxKj6UCvImg7knSV9FocTnJ9PIK3+tW4XicFw3U=","mttiWN9todk/xCSOWpUqKhcEJP9cseE+2iAcsM9lyUA=","6Y+QIRxuMnv6LFuOXPPhbeveqpM0ZZCTtG3bQ4NwHFs=","noR8GsGrePdBD6u8gg6pKAlht0lG/wX0tFVR+PMNIHE=","YwcVIB7xQkw2ajslDzb2AU+mzwbh2PMJxI93c//iO2U=","r7vNd4YXZ2AGLmLEejSI6O9VH9z6D3yzU4u1tazr408=","U4Ep8j3P+TwTH3AJLE7C7eFPoNstHygnG8WA6Qb9pOk=","u4dN7W0Gax1WfImPlSZfaeyxB3OjnuCdUKfyAxUSji8=","ZBI1rYrOjR8eNQ2tvazsAes5091aE8Y0jJbk32c6DXE=","kOlRT7F6FZ+M+t5OBhMT9uroVGas6+nzRFS8R0fV8fY=","Io2N6V29wDXWh5o/CYoByVjaTvrckorIAkjIvtKVGQw=","iO6htpIjsl3gWILoRSuwqFM3t27bq9VP9Rf1dbOStv4=","eb9Xx3ztg8bTaRNyC2kndQ1a8Sp2c9YRgdaIWOfvsG4=","OQhABI9lb7QAlD9FxEDT9bnW/xh8gjwo2jl0fvqm0CM=","1+raHPPUZDbZzeosLxpppihTE+JFCbdUdPCeuIVhJ4Y=","IHyW2XraSjsNZZfOYiVAEU7JuU4XwIXbI11euQOksug=","DzJalJs49m4e8nIwybXP/a4yvr2m3BKUX6m766i41TI=","CNqfostM2n12rh8/id9yQ6cn6JAADxQejVSMF/DWdYM=","4WE06/eLzGLO3g+ZKRCjiRDCHcQViHgDbYvHWR/uWJw=","8/D1HTB2XxyO5tr0SJRebkTxUoNK2q+7uTGvkj5K4dM=","rDyS+tE849vfDjXrf6YP62wSWkK4t7dBXyzVmt4NLwA=","3k8Q8r3OUUeXDMIR9w+8BN66qx4uIsTUDn7FpT/VSEA=","AUhZdL2WNNQI2mfcEQYcNK9taY/3SKcX+SUNZGKY5jU=","ZXqLu+Di/1+NsEVUG15GDqlNXtzpxk6JiB0Mn+cWaHQ=","4ZekTPR8dCKu5cTLn+Cc1xICpINp3f3ijrOfXlyxrtM=","SOIw+1QvdRXc9C3H/707fgVFmdo1b2JodLYK+yNInzY=","4D7iY5NkLXCMmw6vYy9/TCvRNQApwXmEu6DiWyqhFeE=","Tsl8wjsiBEs1Rvoku10/FJpziaa9IUfGg+7DpvdJUSg=","n4oECQZx0UUCqfudufec7PLPDTaTy8mCCb6j+r/VcBE=","h0RjrdD5aathJpxX8eVZLVTxeUlVqvqEIwGg18ziXt8=","0zzFObrM1ZmOil38ReVJNw4kgrvFlAgG9rE9J/49zp8=","8lmDPs0OZxttCY1e/dOk7LkOV5LQeDUP4HVTVCOTBYU=","WjesStZlVPAeXb87Ml2wWXBOEyBaWtrupx731xuJp0E=","aj/JPx3qFjiD6Zq447jhbKGMrRwOdI6D8m/iPBHuYAQ=","gUsET8VGtInbI29Bk8aD4R+DwIXAr+wty0zmAiBf3PI=","VjNKY5ju6vfI8X6ykGnftuqDdhJ8lN2kY3JnC3C4cOg=","7hhYzc0wIAQJ7KQwfCwo0p9xzV2IsVkioBKw38W+RIQ=","D7gLc4sZbuSAHtffTiD3WrriB9dlG+6FJGuWPnbCxg4=","G//xUGOTr+S6SSDi89AD9HTHvZyYU44FFX4yb+RXl70=","ujuDFQtVeGDDnmUwgmTQSjXpwhrWMRcpNYNhbhIoTNQ=","6HcAsg3MQPknpyHAGzhbe4twP/FgMw5arqMMAY6th78=","ouM2eUBVBXNUQX1bRx2sd+QwWuIWbQgkWpUJGkPztAw=","Gr8swfxx0YzaFO+LHzHG1OpbizspdYJB/+lo/PRm6ag=","Quqj9OTcFuaZ/UgA75b7zH+Qg+Z8/ZYpB5GFxmLyR/g=","1A/PBm5W5bNQRo1fLhweV0260uSaxM5Jj34xwVDTXbc=","vsYnHJVnPDMm9NONhmxDRb43V2X3Cs7yVE7NMW+CqHY=","WHhtJzEoSMb0sMgOEDGbkZcpdDepFetJrwVuRb36URo=","SSoacs7fOYc5IoVFlF/6fq0+IS7guAUFMpz0qtv0pt0=","/8QieDx6CdLsRpllOHMwGT/kcfpczqB+5qJdTViHhDE=","IP5/TaLhcs1Ip/uQ72unfhqwMLIr2Bf3xL4o+B07IJ8=","cbv3W3+wtoiAPvlVD5u3h5SOA3Ewsm0JpM7eB26PbmY=","+2fwusn8V0mg2MVcCnDJtY++ocP04Fp4uSq6QBOUEIk=","B3wbX5SjuyI3UglVUJix2cnQOCTKBx/ZsHmisg1gAFQ=","gospkkMJGrsGdH9vCqywpAurdWw8rM65gtIBXbQ8iMg=","Z743i1RKy9N5PXk58zhNbsGQu87wADzlNw3Y/762e0c=","Nk7GNB2sHsu3guAoizZP2iov7hLIrpgNbYVqbtEGRDU=","WbUP0nnuLexes+SydU7kApTvDzIXWOZ/DcQXA6ay3PE=","WmSILHyigpRNp1Hpp3G456t3z2/17RR1CI3OORsW59I=","MCiaXWnfGh22l2qgrAAPcth0t7Q1G18zXuiARyg1aqQ=","n8hk7fuzNN7dcSE+eHPPCQlkFtzYSZqG80fJnYmG9Dk=","fIawOqr2HuhQ2I4LPLNv7DjAkpZY7hSPOHsu7WUYgF8=","CzGIAypmKDDS4S8ui77HWt0giuA8CCO2K7O6bWdCZyI=","j+gvk/hl2OaKO4NRTwyOPrEOR4f0tSVrHA27cFKH5Rc=","07SJ4Wcgedjb38o75q91qoq+BuXO2J+ENa6o8AmC8PQ=","m0F1QeE2guzh1RG8TFk3d7ccW84qD7DmtBVK9K6zuwQ=","XFSLXVziYvYM8hMai/cy/MLZXkf4IqsdPgWCVr+g6yc=","p9/fZ201G/fiUdX6wv8TBAp6opDGB+G1/5zBSGePnHw=","sgJJoLNwRQkH6bzFBhumOKOSN9AaUpOc4ywYZduYQDo=","LwkZxNpxcR/bm7OQmzKMb2xtyMFqRn9f8qRvsgsBTUI=","kj0zD0hcbm2RC3EA46lS0dz5bgj8KMeYSXGFZ+vtyhg=","tE4XzMZMDWUUu6rexxM71xZU6YXSGbYgtyGSCLVxu6Y=","xY9fmG6P1cJhM4UONuOQ0BpNEDG9v65yroxKgWevYWo=","CLaHDEG8okB+0eOgpmn5k03669dtjHhTsh2eN9Olzcg=","xPssieASpsaYESjIT7imCelJjj2uoPp/eN/r1O8FA6M=","Y27fRaRaKRFcPHvH9oPyvCQo3w+S6OmRvE9EJaYoBm0=","sPxYXhlb+z+iMsUDUn6jOTUdnVtbyN6oze364pVVIZE=","3A7m3X89D6CT2EnfZwJ9n0YK+TO5cdzRFugnMGiYhTY=","E2OdmkmKE9H0myvcAQEmS/Hb/V52K9bJf/MUQq+vgFo=","G52vXyLVhBsi32mllXp4cKvt8WwPsprDCvGtN0ZuuP8=","7NPnWM2M5l/DIn8GuN+QPBdZa8t2HYsrDNOvnV8/14E=","6xoNQKGjeITGsA+MlB1fmdNjtkhcRqLWoZ4FegQI8wc=","92e6oZkW3x8Omwupu8QvSsUI8JocAhkuMcXGgT1FPeo=","eu/Dqe6w3Q8epamj2Q9WbhcUhViG9RycrCPDGgZqVi4=","VCkQok7Ecuir1p/Jg3jwCSmUem01Ny+s57VEsFRTR2o=","wHl9jpPBDPaRieDn5T0NXg7zOdwuAIif6+6kzOb5oJ0=","mEzslysOAQl7QRHgr72QyioWwoGjCa75CHBO9TqEbkM=","I8FMuXyYyOnwCaUOyVJId5Nn/peTLbeedKKLBTzQzYg=","C0EIfV35pGiEOMLbvXeOQ60AJhLNBkpYykcInT+CYFM=","JWOvUuR5jyw+UnS4Cfy8U/trLWxQG+zseEs+yXFf+t0=","Ljx6psM3UJ7x0dYrCRgYsBlKw2N14nJNt0zlDEBH7XE=","mFO7NELyVQxu3+B5UTEF6QS7jhyysxTQM72KXOxYOho=","efWOfeLgRQqOxvOA+OY2QXIkJD2sxgowJjAsEEN1MMU=","xQVs/WIpSoLQcBmZS2w07ddGxaRmEC5gs7NlLNfdZI0=","BSDmOySr2ZezMoy649hYSOBJmRNyk7OJMv4dua0GAw8=","J0j2w5TOf9SFWCcEKreIimLEsHm9/ZDoMrYgVq3X53o=","VOxp3H+ZZOy9una02KZWgVRjsj3jivGDLXPNOX5fBbk=","rMOr7R5AQwrcNnPgtsLWJ9vUYjevhJB2jdvMc+Ef+h0=","f7TgTISQGxNZIUcD6hikbmNE75owjYTGae6VkA9T/8k=","W/RzjW3Wv4E7nX3TLuw/0EhDbabRtLMZwgdzhN6WXRQ=","q+2xbIBoks9TgfNU6dvibioCMbsR9SRCkrd1tqkysIY=","eNLqrb/NidG5WWuQLQnRxi8aqgTGGvD75okNP8D9gs0=","F0MheuHHY7rfHwbT9LdnJN80N0yCiPzA979MQu5/Osk=","vHeWWWz1UtTXlAK6DIi+gwIcRmm+xvWDA+IOZjUhmcg=","x0BSFcfAoQEg7wsditqPSMnmLwOZMOprkTLNkAAJ5nE=","9T44+OEZ5OJeXDr5O2gX2TaFrq0kSkWfOCOE6r7hvQk=","7JrDf1SB7iUaXK/7L45wbm/d3T1yfN/XOxaY1EMr2i0=","bUNlbBO1xdB2UhU7la0kqBKA2fFRQxAYykbbnjRkNrQ=","gpnXHUkzpzp/UcnLvvqvxVlPUsiGiaY1xyBEBXofHSQ=","pGxiqt2gC74DtqMaIfpQzeweHGM/rdeZdzyW25sRxQA=","eaRh1bF4A1PCTwBgiIgSgiS+uxuwjAXg0prnlZ4awKU=","DKzX0v01ywOgWSJzJLt5jxDN+zFg7vRG/S6Exp+IceU=","EeQzDZc/QJtuHdzvvjuKp6Nav4ujcQnsU5ibFHPi1HE=","5wbBaHVUxQU/cCxWo4tnU6C/2oo0TzrTenCXWRIw9zc=","NnEvIUjTizhFSSvLe4srZSvI73jw2pH/JZPrw/n/CO4=","dhvdyzm4b3GtgYrSFzop+20rdlhpUNGbJ5i1gv97YIE=","YSedffPnClkb09JuNc7V+lB0Wv4EWVb/anNXeuTzVvM=","vfB2liRIg2X/u/5WTh9sv1874j4xxe82SrdE/AC8rUs=","H2EEUHGxP5imXaJEgaWaIUAEaw7EGPLMAAbnTDFwl8o=","nMYC4GWkegniR1LyGKYuNf7dmdsrmjrnvSMLkPE8pgY=","czU1qzYAu0tbQRmjJkCiw5vjfiCkzDlOC28N7SWyOWM=","kkwMcBOb/FUvoGlPOjLnI+ZWcZGgYg5JRJ/Z52pPCAI=","lxnzi64zVop1kH+QgRl3ulcdPtbE6b7nBQ4L9TGXXgE=","L8Wve/g9Hpjzt60S02TinOK8EwOGdLT4m3RKBnMIf+Q=","Cye+AnqMn//byX9GaPuisJBGC+lfTT9vLzbGZMrACnM=","OSJZlUVnCwsM8zlnc7JYA8zC1t9JgofzJeh3ZG72ilE=","V6II4zXUJIrd7H5zdZSKNDzKg5GEp+6aCgbOIbXs3CY=","pyaR+JeKpgeTuA9hTVq90O3N/3skLdA8iWB5lrCQGB8=","nbae7fCPl814VwMRyDkEY3XKzHKjggK0lHg/ihEdUx0=","BLCzhKCfGzhFKwVbEdQaaG3H2BPtnvmVJTlTlkgYHNk=","Z2Ns6e059Ig9dRVRF5bd8IN0WQSo+SyjBIhFcwuWy8w=","MHVDOfw0Rksw8G7xku4tPhkTEB+yXYExcBYK1isbSIA=","rkKrSDqCL/gMh3A7r6rxec1nooalri2OZBddjsYf08w=","Qz2zup1yYBuy/vaxC92gGDDGLkR4HDUTSsWsowhHpHI=","Yt9PJl0I+i3+5+ZuJDF+WVDcpHXcSyignNG+UuiVioo=","Y+UEEpbEKo+yEaIKcpMW/Pw1EPqRcgfsYFD4TiK1YdA=","5eo+amLw28nas4A7IpN2RoQZECMJG5T3dHyw+bv15Ag=","e0vhGwroo7MA+BkMbUhKwRJUIDPOcno9C1yzW681snU=","7pNzZq5Eo3L6W5DUDQfJ0npxSza+0pE1pIWDlLzmfHg=","ggmZGeGc36fWgmCD9h1RIqMzei2uUfGIbMLMjDdn+/s=","WmiVt24SHWZla90uz8/PL0IjpoZz035tLSc4EkC4TZA=","3ag+Ja1R6BT77lLa0qlB/2zn6P/sdj50AedVBiPWriA=","pgWPUzvikeg21ib9By303L8sFqlSMkVFJGvJZL+rNGo=","jnRZuJgvORL7F77k3YfPaYGEf0nb4lVUn+rA3TCIork=","Il6McoVKPJMv07pydEqhQpVZbUUHkVtB10OGYQ9cw/Q=","8gzgIHBxmVOx2ES9neDu5RK6lU1O0MHBHnXdUQXfFPY=","aAjZjIq69w/O/6d5vvGX8SAiZ0NwruNw+eAKsCrLVYQ=","ZEeGBtmrKorZ+cFOjZ59vEFYc/9Ooa4GJeh04Eh2Mw0=","NgPG6i+xlolrnEsueIVUudBJZrVYE/H5WzoE9ECZUmw=","fVcTGuUW+JDPLzDB8JR310BbN5mL106uAanxp2aIRmw=","Gh1ZRQWOXla/KHj+K5y+WpkhgMs27zuchJV5aNwcxU4=","VYKr0yPMfaAp44nuHJZYAXrTaD+5ZrV95n3EJ3fKHzI=","skZTdC8XFNXOxcYu/uBR1eXDqZscBB9MnaIoE73HNfk=","51yJKOGZkhU0WKaO3Q+W6oJi1nKvglIjhFZb5+ZFXXE=","w13LJu0oSVrowe75zex8UlywVfUt7KGpAnnxw6p+rHo=","XNhzD7QY5zYwziSaWWrxHuL1mmbBu36Gfy07ks1B+g0=","RqgEaUpvZUYaKEHU52ooR8Nuo6KjZmqExdqEnRR0w0w=","Qv2lseqJbbcvff0fdx4evvfz7Z9YFeWBtdN7GzqfxlI=","aeLmIgZbaV2npbGkkUhqUTTpTII/NLU2wI4rkFXa5Tc=","imcwdvBK+U2LB+K5YBiPg9d5wUmUwHGoIc79phVhkD0=","8ws+8dDr54gkZjky6URlsqw2ewbbepH8ECtAax8VGN0=","9gnvBRzCutzA3AkvI4X2GHz//PTHVXlqhpxh7ZAvRmc=","69n9IjT2/NcpqT9TuUTsLU66IQnarqTBWs+AbKxna00=","aehS7uExw6lobK95RJ1U2goQQEPC0KJcCDiqlKv/GfQ=","VgzBBZ9S8vlLjO1tLTnIk+TfKcbGOHQL0MKQJJxtJBU=","cTrO/FEiBwDm2biZlBlfXzHNDmuKz45DbyHy3h5hMSc=","+tkAoKJ22LAljSvtThkO+UyvWPQm0XimAPI07AUuLHo=","0vgR3mKVzAWKgCS6Mwq6bmjRMgI5OCNuQOfD0MpxGKU=","nV3NWjxtkb67TJk4ySa0LiMU2PFVuiJGzMUhPa7XmDI=","nVVscFvNq+nlCm99T7TNb2FOtZC//zVXlONanGYl4tA=","8XeN8Dkf3QXbm/Dvc1FyhiZgOjM6A55/KgARzQ136rM=","zgk6oUByOXyI1qG47nqbgUWhusSEgFofCnW6C2vDZG4=","aN8cu50LcKFxtX2LLsuCimbSbG/OwHgh5g2AXtSxbA4=","Zrrq5HeMKhO9Vf49sC2CeLGkewgl/RyCDJ0mZ6l1qcw=","Vh24npLtcVLZ7EGbLX/l2RzAts1J+hyCjbOG3b90b3k=","cBW6QZqrhjaWXzefJESjHJiraG31qs5dS33+amNR7LY=","5nyoteSVr2UZes4mPmqwr2KKspbwEw1yyuWkvyppfq8=","8vKd4Ll1Pw3WhJb8X3FNI0iYf9qqRo6JV6UeK4xaQuM=","tp+/RjBF/OCuSMSrvNA7G9m4dSJWlpZ5ukJfTauCQMk=","D12NnokxBbk2rQVed8YrCgli2jEcOluPNaDArEmoR1A=","63O/9SNnQ7lQ6TMuR5mi/S6IlzRq9FbhfH1DlRkQFgA=","G8H3xmm+cMZAkB4D2/ToIQisOI03AkYVpDhjMZdXVG0=","ujCPj8g3My3xIFitRWf8e7S0WtMIXzvjdP7qzZUXYS4=","6OmlRM071mYvFpyYtJHY2dxTjiy6ow2lH+vrHguEsWM=","3f7pFls3ar3uIJQ6uVOXuu54uZrgN+yQEgqdD+Y6aEk=","l7X66xKvgbgDmE7SEg3BVCbQbmEnzIKwo7so97RCqD8=","J0FgH2KC0eNSpolXT7cRuYOzlWHgW8iiGfRPHh3xFn4=","3SHZkC3T0TvOEApeOLb1p3sPtH+QF6yxXg42u4t8E20=","FibKyqoFPYM26dNgSyqJcW+7BKNCerxukqBi5q5kcIk=","d3LBNcXJc/zy+DMqaks+53BnOH4d4jC/5iQLpOrmd0Q=","BiRXdT3OzLLMiJ7w629fUJBuuMDZyuxHtpkzezCOoQ8=","m7JQDrF1zYzpcoOWlnXFeHX7Hk2bMEWgOGk2IOMW85c=","ERwMi7FuJpyf4+Cvb2mJzSPBrBM+Ut1/TPHUK8CcnIE="],"block_size":4096,"path":"remote.bundle.js"},{"block_hashes":["EmxEW+iirdC/QoCvUUmporqIVTHG7JP1OC7+jR9y8xU="],"block_size":4096,"path":"remote.html"},{"block_hashes":["PR89Ane6MISUR6LnDnZ4FcEy20YVBMaUkqaqFJkBZuU=","K6AH2bwJKy3/CdsKaC6WzLrX5HWytmnx5jI3Kzuqh3w=","Md0uSHJGpkZBBCsSmyJ8g4P1YBsYu8TddFhrsaFKa+g=","goAqpNtoT4pWoz02L0yzk3kvyInLQy6yM4lC2Wf/Guk="],"block_size":4096,"path":"roboto-mono-v4-latin-regular-45PG2VAM.woff2"},{"block_hashes":["Eo/kDQc1wqbGIDb9CQOZQnJO7BwOmkegxMZgNSQiG7I=","4Wuc22arhSR42965j/4xIxARAGfAYqQAecKM3R6pWqg=","6WM53kEXn2fK5e/MuSWikJW2I3rKyVBEpCIVdZAd9R0=","+9t5MFrJMbnQzR964I+gcSR8D0zLp6B+7csWNaClfGo="],"block_size":4096,"path":"roboto-v15-latin-regular-3XGOHEZN.woff2"},{"block_hashes":["m2IXpJvLLI5euMyfVSZLWf2SupOwK1ZatQFTTioWeNU=","OLIkQ2yS0faXIq3oww33cxp76YSsqHJEL593ymGr4mg=","w8Vc1dh6UhX7pa2iHEL5IdwxYg4h3me9skrzEvKHg+k=","WwU/p1ckIzLpFAutXN3G50AYR51omnI254SL2nSlOtI="],"block_size":4096,"path":"source-code-pro-v6-latin-regular-T5LNFASY.woff2"},{"block_hashes":["stnbepg8V5ls4DbNddNj8bbMD+jaG+nGUR+31kc6i18=","8Rd0KOCAjhG/1UKe6pd2gy4wgHdKcep4IZPvhS7YQYQ=","xq8Dgwttgovz5v8QgCrBx+VIbQJSRFwfOfyHThyhyPg=","37MAI3mAjIoT3WvdJAdaGi3knTme+DY1dfvFwnVU8lw="],"block_size":4096,"path":"source-sans-pro-v9-latin-600-S3ZWYGUG.woff2"},{"block_hashes":["MFYyTudZrlxr8bDHv76n/dkoVoOChHXfexXiJlBjJWk=","5xwgDt/g22UfBb3nQVEHFCIxy1wILvDBpFcEnetxNlY=","LGTSV5/YuKanPFqxGGyl8yfSYq9Pe/DFxi9zw6FNf8E=","e4i/PKFHAp8jHAfHM/8k7AApdzO6JzQIh1QcBYTz3Bc="],"block_size":4096,"path":"source-sans-pro-v9-latin-regular-BEFFICBH.woff2"}],"version":2}